Workbook

Sheet 货值
A1: 图案
A2: 型号 | B2: 价格 | C2: PC螺纹直通 | D2: PL螺纹弯通 | E2: PCF 内螺纹直通 | F2: POC 螺纹直通 | G2: SL L型节流阀 | H2: PB/PX/PD 螺纹三通 | I2: PH 外六角 | J2: PL45℃ 快插接头 | K2: PLL 加长螺纹弯通
A3: 4-M5、M6 | C3: =采购价!C4*2.5 -> 1.4625 | D3: =采购价!D4*2.5 -> 1.911 | E3: =采购价!E4*2.5 -> 2.37705 | F3: =采购价!F4*2.5 -> 2.23925 | G3: =采购价!G4*2.5 -> 4.606875 | H3: =采购价!H4*2.5 -> 2.52525 | I3: =采购价!I4*2.5 -> 3.07125 | J3: =采购价!J4*2.5 -> 3.575 | K3: =采购价!K4*2.5 -> 5.59
A4: 4-PT01 | C4: =采购价!C5*2.5 -> 1.56 | D4: =采购价!D5*2.5 -> 1.911 | E4: =采购价!E5*2.5 -> 2.37705 | F4: =采购价!F5*2.5 -> 2.23925 | G4: =采购价!G5*2.5 -> 5.9475 | H4: =采购价!H5*2.5 -> 2.52525 | I4: =采购价!I5*2.5 -> 4.745 | J4: =采购价!J5*2.5 -> 3.575 | K4: =采购价!K5*2.5 -> 5.59
A5: 4-PT02 | C5: =采购价!C6*2.5 -> 2.52525 | D5: =采购价!D6*2.5 -> 2.7625 | E5: =采购价!E6*2.5 -> 3.82395 | F5: =采购价!F6*2.5 -> 2.8938 | G5: =采购价!G6*2.5 -> 9.0025 | H5: =采购价!H6*2.5 -> 3.241875 | I5: =采购价!I6*2.5 -> 7.6375 | J5: =采购价!J6*2.5 -> 4.9075 | K5: =采购价!K6*2.5 -> 6.5
A6: 4-PT03 | C6: =采购价!C7*2.5 -> #VALUE! | D6: =采购价!D7*2.5 -> #VALUE! | E6: =采购价!E7*2.5 -> 0 | F6: =采购价!F7*2.5 -> 0 | G6: =采购价!G7*2.5 -> #VALUE! | H6: =采购价!H7*2.5 -> 4.43625 | I6: =采购价!I7*2.5 -> #VALUE! | J6: =采购价!J7*2.5 -> 6.6625 | K6: =采购价!K7*2.5 -> #VALUE!
A7: 6-M5 | C7: =采购价!C8*2.5 -> 1.945125 | D7: =采购价!D8*2.5 -> 2.3725 | E7: =采购价!E8*2.5 -> 2.5493 | F7: =采购价!F8*2.5 -> 2.23925 | G7: =采购价!G8*2.5 -> 4.606875 | H7: =采购价!H8*2.5 -> 3.07125 | I7: =采购价!I8*2.5 -> 3.07125 | J7: =采购价!J8*2.5 -> 3.9 | K7: =采购价!K8*2.5 -> 5.59
A8: 6-PT01 | C8: =采购价!C9*2.5 -> 1.740375 | D8: =采购价!D9*2.5 -> 2.457 | E8: =采购价!E9*2.5 -> 2.37705 | F8: =采购价!F9*2.5 -> 2.23925 | G8: =采购价!G9*2.5 -> 5.9475 | H8: =采购价!H9*2.5 -> 3.07125 | I8: =采购价!I9*2.5 -> 4.745 | J8: =采购价!J9*2.5 -> 3.9975 | K8: =采购价!K9*2.5 -> 5.59
A9: 6-PT02 | C9: =采购价!C10*2.5 -> 2.2425 | D9: =采购价!D10*2.5 -> 2.8925 | E9: =采购价!E10*2.5 -> 4.2029 | F9: =采购价!F10*2.5 -> 2.65265 | G9: =采购价!G10*2.5 -> 9.0025 | H9: =采购价!H10*2.5 -> 3.575 | I9: =采购价!I10*2.5 -> 7.6375 | J9: =采购价!J10*2.5 -> 5.2 | K9: =采购价!K10*2.5 -> 6.37
A10: 6-PT03 | C10: =采购价!C11*2.5 -> 3.8025 | D10: =采购价!D11*2.5 -> 3.64 | E10: =采购价!E11*2.5 -> 4.7541 | F10: =采购价!F11*2.5 -> 4.4785 | G10: =采购价!G11*2.5 -> 15.275 | H10: =采购价!H11*2.5 -> 4.745 | I10: =采购价!I11*2.5 -> 13.0325 | J10: =采购价!J11*2.5 -> 6.825 | K10: =采购价!K11*2.5 -> 8.515
A11: 6-PT04 | C11: =采购价!C12*2.5 -> 6.955 | D11: =采购价!D12*2.5 -> 5.4925 | E11: =采购价!E12*2.5 -> 8.02685 | F11: =采购价!F12*2.5 -> 8.1991 | G11: =采购价!G12*2.5 -> 19.9225 | H11: =采购价!H12*2.5 -> 6.565 | I11: =采购价!I12*2.5 -> 16.965 | J11: =采购价!J12*2.5 -> 10.075 | K11: =采购价!K12*2.5 -> 14.105
A12: 8-PT01 | C12: =采购价!C13*2.5 -> 2.08 | D12: =采购价!D13*2.5 -> 3.0225 | E12: =采购价!E13*2.5 -> 3.0316 | F12: =采购价!F13*2.5 -> 2.4115 | G12: =采购价!G13*2.5 -> 6.1425 | H12: =采购价!H13*2.5 -> 4.03 | I12: =采购价!I13*2.5 -> 4.9725 | J12: =采购价!J13*2.5 -> 5.265 | K12: =采购价!K13*2.5 -> 6.045
A13: 8-PT02 | C13: =采购价!C14*2.5 -> 2.0475 | D13: =采购价!D14*2.5 -> 3.0225 | E13: =采购价!E14*2.5 -> 3.82395 | F13: =采购价!F14*2.5 -> 2.4115 | G13: =采购价!G14*2.5 -> 9.0025 | H13: =采购价!H14*2.5 -> 4.03 | I13: =采购价!I14*2.5 -> 7.7675 | J13: =采购价!J14*2.5 -> 5.59 | K13: =采购价!K14*2.5 -> 6.045
A14: 8-PT03 | C14: =采购价!C15*2.5 -> 3.4775 | D14: =采购价!D15*2.5 -> 3.8025 | E14: =采购价!E15*2.5 -> 4.7541 | F14: =采购价!F15*2.5 -> 4.4785 | G14: =采购价!G15*2.5 -> 15.275 | H14: =采购价!H15*2.5 -> 5.1025 | I14: =采购价!I15*2.5 -> 13.0325 | J14: =采购价!J15*2.5 -> 7.1175 | K14: =采购价!K15*2.5 -> 9.0025
... A30: 16-PT06 | C30: =采购价!C31*2.5 -> 10.335 | D30: =采购价!D31*2.5 -> 13.78 | E30: =采购价!E31*2.5 -> #VALUE! | F30: =采购价!F31*2.5 -> #VALUE! | G30: =采购价!G31*2.5 -> #VALUE! | H30: =采购价!H31*2.5 -> 16.64 | I30: =采购价!I31*2.5 -> #VALUE! | J30: =采购价!J31*2.5 -> #VALUE! | K30: =采购价!K31*2.5 -> #VALUE!

Sheet 零售价
A1: 图案
A2: 型号 | B2: 价格 | C2: PC螺纹直通 | D2: PL螺纹弯通 | E2: PCF 内螺纹直通 | F2: POC 螺纹直通 | G2: SL L型节流阀 | H2: PB/PX/PD 螺纹三通 | I2: PH 外六角 | J2: PL45℃ 快插接头 | K2: PLL 加长螺纹弯通
A3: 4-M5、M6 | C3: =采购价!C4*10 -> 5.85 | D3: =采购价!D4*10 -> 7.644 | E3: =采购价!E4*10 -> 9.5082 | F3: =采购价!F4*10 -> 8.957 | G3: =采购价!G4*10 -> 18.4275 | H3: =采购价!H4*10 -> 10.101 | I3: =采购价!I4*10 -> 12.285 | J3: =采购价!J4*10 -> 14.3 | K3: =采购价!K4*10 -> 22.36
A4: 4-PT01 | C4: =采购价!C5*10 -> 6.24 | D4: =采购价!D5*10 -> 7.644 | E4: =采购价!E5*10 -> 9.5082 | F4: =采购价!F5*10 -> 8.957 | G4: =采购价!G5*10 -> 23.79 | H4: =采购价!H5*10 -> 10.101 | I4: =采购价!I5*10 -> 18.98 | J4: =采购价!J5*10 -> 14.3 | K4: =采购价!K5*10 -> 22.36
A5: 4-PT02 | C5: =采购价!C6*10 -> 10.101 | D5: =采购价!D6*10 -> 11.05 | E5: =采购价!E6*10 -> 15.2958 | F5: =采购价!F6*10 -> 11.5752 | G5: =采购价!G6*10 -> 36.01 | H5: =采购价!H6*10 -> 12.9675 | I5: =采购价!I6*10 -> 30.55 | J5: =采购价!J6*10 -> 19.63 | K5: =采购价!K6*10 -> 26
A6: 4-PT03 | C6: =采购价!C7*10 -> #VALUE! | D6: =采购价!D7*10 -> #VALUE! | E6: =采购价!E7*10 -> 0 | F6: =采购价!F7*10 -> 0 | G6: =采购价!G7*10 -> #VALUE! | H6: =采购价!H7*10 -> 17.745 | I6: =采购价!I7*10 -> #VALUE! | J6: =采购价!J7*10 -> 26.65 | K6: =采购价!K7*10 -> #VALUE!
A7: 6-M5 | C7: =采购价!C8*10 -> 7.7805 | D7: =采购价!D8*10 -> 9.49 | E7: =采购价!E8*10 -> 10.1972 | F7: =采购价!F8*10 -> 8.957 | G7: =采购价!G8*10 -> 18.4275 | H7: =采购价!H8*10 -> 12.285 | I7: =采购价!I8*10 -> 12.285 | J7: =采购价!J8*10 -> 15.6 | K7: =采购价!K8*10 -> 22.36
A8: 6-PT01 | C8: =采购价!C9*10 -> 6.9615 | D8: =采购价!D9*10 -> 9.828 | E8: =采购价!E9*10 -> 9.5082 | F8: =采购价!F9*10 -> 8.957 | G8: =采购价!G9*10 -> 23.79 | H8: =采购价!H9*10 -> 12.285 | I8: =采购价!I9*10 -> 18.98 | J8: =采购价!J9*10 -> 15.99 | K8: =采购价!K9*10 -> 22.36
A9: 6-PT02 | C9: =采购价!C10*10 -> 8.97 | D9: =采购价!D10*10 -> 11.57 | E9: =采购价!E10*10 -> 16.8116 | F9: =采购价!F10*10 -> 10.6106 | G9: =采购价!G10*10 -> 36.01 | H9: =采购价!H10*10 -> 14.3 | I9: =采购价!I10*10 -> 30.55 | J9: =采购价!J10*10 -> 20.8 | K9: =采购价!K10*10 -> 25.48
A10: 6-PT03 | C10: =采购价!C11*10 -> 15.21 | D10: =采购价!D11*10 -> 14.56 | E10: =采购价!E11*10 -> 19.0164 | F10: =采购价!F11*10 -> 17.914 | G10: =采购价!G11*10 -> 61.1 | H10: =采购价!H11*10 -> 18.98 | I10: =采购价!I11*10 -> 52.13 | J10: =采购价!J11*10 -> 27.3 | K10: =采购价!K11*10 -> 34.06
A11: 6-PT04 | C11: =采购价!C12*10 -> 27.82 | D11: =采购价!D12*10 -> 21.97 | E11: =采购价!E12*10 -> 32.1074 | F11: =采购价!F12*10 -> 32.7964 | G11: =采购价!G12*10 -> 79.69 | H11: =采购价!H12*10 -> 26.26 | I11: =采购价!I12*10 -> 67.86 | J11: =采购价!J12*10 -> 40.3 | K11: =采购价!K12*10 -> 56.42
A12: 8-PT01 | C12: =采购价!C13*10 -> 8.32 | D12: =采购价!D13*10 -> 12.09 | E12: =采购价!E13*10 -> 12.1264 | F12: =采购价!F13*10 -> 9.646 | G12: =采购价!G13*10 -> 24.57 | H12: =采购价!H13*10 -> 16.12 | I12: =采购价!I13*10 -> 19.89 | J12: =采购价!J13*10 -> 21.06 | K12: =采购价!K13*10 -> 24.18
A13: 8-PT02 | C13: =采购价!C14*10 -> 8.19 | D13: =采购价!D14*10 -> 12.09 | E13: =采购价!E14*10 -> 15.2958 | F13: =采购价!F14*10 -> 9.646 | G13: =采购价!G14*10 -> 36.01 | H13: =采购价!H14*10 -> 16.12 | I13: =采购价!I14*10 -> 31.07 | J13: =采购价!J14*10 -> 22.36 | K13: =采购价!K14*10 -> 24.18
A14: 8-PT03 | C14: =采购价!C15*10 -> 13.91 | D14: =采购价!D15*10 -> 15.21 | E14: =采购价!E15*10 -> 19.0164 | F14: =采购价!F15*10 -> 17.914 | G14: =采购价!G15*10 -> 61.1 | H14: =采购价!H15*10 -> 20.41 | I14: =采购价!I15*10 -> 52.13 | J14: =采购价!J15*10 -> 28.47 | K14: =采购价!K15*10 -> 36.01
... A30: 16-PT06 | C30: =采购价!C31*10 -> 41.34 | D30: =采购价!D31*10 -> 55.12 | E30: =采购价!E31*10 -> #VALUE! | F30: =采购价!F31*10 -> #VALUE! | G30: =采购价!G31*10 -> #VALUE! | H30: =采购价!H31*10 -> 66.56 | I30: =采购价!I31*10 -> #VALUE! | J30: =采购价!J31*10 -> #VALUE! | K30: =采购价!K31*10 -> #VALUE!

Sheet 采购价
A1: ANGRUK 成本价
A2: 图案
A3: 型号 | B3: 价格 | C3: PC螺纹直通 | D3: PL螺纹弯通 | E3: PCF 内螺纹直通 | F3: POC 螺纹直通 | G3: SL L型节流阀 | H3: PB/PX/PD 螺纹三通 | I3: PH 外六角 | J3: PL45℃ 快插接头 | K3: PLL 加长螺纹弯通
A4: 4-M5、M6 | C4: 0.585 | D4: 0.7644 | E4: 0.95082 | F4: 0.8957 | G4: 1.84275 | H4: 1.0101 | I4: 1.2285 | J4: 1.43 | K4: 2.236
A5: 4-PT01 | C5: 0.624 | D5: 0.7644 | E5: 0.95082 | F5: 0.8957 | G5: 2.379 | H5: 1.0101 | I5: 1.898 | J5: 1.43 | K5: 2.236
A6: 4-PT02 | C6: 1.0101 | D6: 1.105 | E6: 1.52958 | F6: 1.15752 | G6: 3.601 | H6: 1.29675 | I6: 3.055 | J6: 1.963 | K6: 2.6
A7: 4-PT03 | C7: － | D7: － | E7: 0 | F7: 0 | G7: － | H7: 1.7745 | I7: － | J7: 2.665 | K7: －
A8: 6-M5 | C8: 0.77805 | D8: 0.949 | E8: 1.01972 | F8: 0.8957 | G8: 1.84275 | H8: 1.2285 | I8: 1.2285 | J8: 1.56 | K8: 2.236
A9: 6-PT01 | C9: 0.69615 | D9: 0.9828 | E9: 0.95082 | F9: 0.8957 | G9: 2.379 | H9: 1.2285 | I9: 1.898 | J9: 1.599 | K9: 2.236
A10: 6-PT02 | C10: 0.897 | D10: 1.157 | E10: 1.68116 | F10: 1.06106 | G10: 3.601 | H10: 1.43 | I10: 3.055 | J10: 2.08 | K10: 2.548
A11: 6-PT03 | C11: 1.521 | D11: 1.456 | E11: 1.90164 | F11: 1.7914 | G11: 6.11 | H11: 1.898 | I11: 5.213 | J11: 2.73 | K11: 3.406
A12: 6-PT04 | C12: 2.782 | D12: 2.197 | E12: 3.21074 | F12: 3.27964 | G12: 7.969 | H12: 2.626 | I12: 6.786 | J12: 4.03 | K12: 5.642
A13: 8-PT01 | C13: 0.832 | D13: 1.209 | E13: 1.21264 | F13: 0.9646 | G13: 2.457 | H13: 1.612 | I13: 1.989 | J13: 2.106 | K13: 2.418
A14: 8-PT02 | C14: 0.819 | D14: 1.209 | E14: 1.52958 | F14: 0.9646 | G14: 3.601 | H14: 1.612 | I14: 3.107 | J14: 2.236 | K14: 2.418
A15: 8-PT03 | C15: 1.391 | D15: 1.521 | E15: 1.90164 | F15: 1.7914 | G15: 6.11 | H15: 2.041 | I15: 5.213 | J15: 2.847 | K15: 3.601
A16: 8-PT04 | C16: 2.561 | D16: 2.093 | E16: 3.07294 | F16: 2.97648 | G16: 7.969 | H16: 2.483 | I16: 6.942 | J16: 4.03 | K16: 5.525
A17: 10-PT01 | C17: 1.287 | D17: 1.534 | E17: 1.9981 | F17: 1.59848 | G17: 2.574 | H17: 1.976 | I17: 1.989 | J17: 3.25 | K17: 3.913
A18: 10-PT02 | C18: 1.209 | D18: 1.573 | E18: 1.90164 | F18: 1.75006 | G18: 3.653 | H18: 2.262 | I18: 3.211 | J18: 3.406 | K18: 3.913
A19: 10-PT03 | C19: 1.378 | D19: 1.755 | E19: 2.19102 | F19: 1.8603 | G19: 6.175 | H19: 2.262 | I19: 5.304 | J19: 3.289 | K19: 3.965
... A24: 12-PT04 | C24: 2.119 | D24: 2.34 | E24: 3.21074 | F24: 3.27964 | G24: 8.19 | H24: 2.769 | I24: 6.942 | J24: 4.888 | K24: 6.76
A25: 14-PT02 | C25: 3.068 | D25: 3.367 | E25: － | F25: － | G25: － | H25: 5.343 | I25: － | J25: － | K25: －
A26: 14-PT03 | C26: 3.068 | D26: 3.367 | E26: － | F26: － | G26: － | H26: 5.343 | I26: － | J26: － | K26: －
A27: 14-PT04 | C27: 3.068 | D27: 3.497 | E27: － | F27: － | G27: － | H27: 4.823 | I27: － | J27: － | K27: －
A28: 16-PT02 | C28: 3.068 | D28: 3.653 | E28: 5.11238 | F28: － | G28: － | H28: 4.823 | I28: － | J28: － | K28: －
A29: 16-PT03 | C29: 3.068 | D29: 3.653 | E29: 5.11238 | F29: － | G29: － | H29: 4.823 | I29: － | J29: － | K29: －
A30: 16-PT04 | C30: 3.068 | D30: 3.653 | E30: 5.11238 | F30: － | G30: 9.672 | H30: 4.823 | I30: － | J30: － | K30: －
A31: 16-PT06 | C31: 4.134 | D31: 5.512 | E31: － | F31: － | G31: － | H31: 6.656 | I31: － | J31: － | K31: －
